PIEZA;FAMILIA
ABS;ABS
ABSORBEDOR DELANTERO;REFUERZOS DELANTEROS
ABSORBEDOR TRASERO;REFUERZOS TRASEROS
ABSORBEDOR/SOPORTE TRAVIESA PARAGOLPES;REFUERZOS PARAGOLPES
ACEITE;OTROS
ACTUADOR CIERRE;CERRADURAS
ACUMULADOR CENTRAL AMORTIGUACION;BRAZO SUSPENSION
ACUMULADOR DE FRENO;BOMBA FRENO
AFORADOR;AFORADOR
AGARRADERA TRASERA;GUARNECIDO
AIRBAG CORTINA DELANTERO DERECHO;AIRBAG SUELTO
AIRBAG CORTINA DELANTERO IZQUIERDO;AIRBAG SUELTO
AIRBAG CORTINA TRASERO DERECHO;AIRBAG SUELTO
AIRBAG DE RODILLAS;AIRBAG SUELTO
AIRBAG DELANTERO DERECHO;AIRBAG SUELTO
AIRBAG DELANTERO IZQUIERDO;AIRBAG SUELTO
AIRBAG LATERAL DELANTERO DERECHO;AIRBAG SUELTO
AIRBAG LATERAL DELANTERO IZQUIERDO;AIRBAG SUELTO
AIRBAG LATERAL DERECHO;AIRBAG SUELTO
AIRBAG LATERAL IZQUIERDO;AIRBAG SUELTO
AIRBAG LATERAL TRASERO DERECHO;AIRBAG SUELTO
AIRBAG LATERAL TRASERO IZQUIERDO;AIRBAG SUELTO
AIREADOR;AIREADOR
AIREADOR CENTRAL;AIREADOR
AIREADOR CENTRAL DERECHO;AIREADOR
AIREADOR CENTRAL IZQUIERDO;AIREADOR
AIREADOR DERECHO;AIREADOR
AIREADOR IZQUIERDO;AIREADOR
AIREADOR TABLERO INSTRUMENTOS SUPERIOR IZQUIERDO;AIREADOR
AIREADOR TRASERO DERECHO;AIREADOR
AIREADOR TRASERO IZQUIERDO;AIREADOR
ALERON TRASERO;SPOILER
ALETA DELANTERA DERECHA;ALETA
ALETA DELANTERA IZQUIERDA;ALETA
ALETIN DELANTERO DERECHO;ALETIN
ALETIN DELANTERO IZQUIERDO;ALETIN
ALETIN TRASERO DERECHO;ALETIN
ALETIN TRASERO IZQUIERDO;ALETIN
ALFOMBRA MALETERO;ALFOMBRILLAS
ALTERNADOR;ALTERNADOR
AMORTIGUADOR DE DIRECCION;BRAZO SUSPENSION
AMORTIGUADOR DELANTERO;BRAZO SUSPENSION
AMORTIGUADOR DELANTERO DERECHO;BRAZO SUSPENSION
AMORTIGUADOR DELANTERO IZQUIERDO;BRAZO SUSPENSION
AMORTIGUADOR TRASERO;BRAZO SUSPENSION
AMORTIGUADOR TRASERO DERECHO;BRAZO SUSPENSION
AMORTIGUADOR TRASERO IZQUIERDO;BRAZO SUSPENSION
AMORTIGUADORES CAPO;AMORTIGUADORES DE PORTON
AMORTIGUADORES DE PORTON;AMORTIGUADORES DE PORTON
AMORTIGUADORES MALETERO / PORTON;AMORTIGUADORES DE PORTON
AMPLIFICADOR DE ANTENA;SISTEMA AUDIO
AMPLIFICADOR DE SONIDO;SISTEMA AUDIO
ANILLO AIRBAG;AIRBAG SUELTO
ANTENA;ANTENA CON O SIN BASE
ANTIRROBO / LLAVE CONTACTO;CONMUTADOR DE ARRANQUE
APOYABRAZOS CENTRAL;APOYABRAZOS CENTRAL
ARAÑA;CABLEADO
ARBOL DE LEVAS;DESPIECE MOTOR
ARNES DE CABLES;CABLEADO
ASIDERO TECHO DELANTERO DERECHO;GUARNECIDO
ASIDERO TECHO TRASERO DERECHO;GUARNECIDO
ASIDERO TECHO TRASERO IZQUIERDO;GUARNECIDO
ASIENTO;ASIENTO SUELTO
ASIENTO DELANTERO;ASIENTO SUELTO
ASIENTO DELANTERO DERECHO;ASIENTO SUELTO
ASIENTO DELANTERO IZQUIERDO;ASIENTO SUELTO
ASIENTO TRASERO;ASIENTO SUELTO
ASIENTO TRASERO MEDIO;ASIENTO SUELTO
ASIENTOS TERCERA FILA;JUEGO ASIENTOS
ASIENTOS TRASERO DERECHO;ASIENTO SUELTO
ASIENTOS TRASERO IZQUIERDO;ASIENTO SUELTO
ASIENTOS TRASEROS;JUEGO ASIENTOS
BALIZA V16;OTROS
BALLESTA TRASERA;BRAZO SUSPENSION
BALONA NEUMATICA TRASERA DERECHA;BRAZO SUSPENSION
BALONA NEUMATICA TRASERA IZQUIERDA;BRAZO SUSPENSION
BANDEJA TRASERA;BANDEJA TRASERA
BARRA ANTIVUELCO;BRAZO SUSPENSION
BARRA DIRECCION;COLUMNA DIRECCION
BARRA ESTABILIZADORA DELANTERA;BRAZO SUSPENSION
BARRA ESTABILIZADORA TRASERA;BRAZO SUSPENSION
BARRA TORSION;BRAZO SUSPENSION
BARRAS TECHO;TECHO/PORTAEQUIPAJES
BASE DE ANTENA;ANTENA CON O SIN BASE
BASCULANTE;BRAZO SUSPENSION
BATERIA;OTROS
BAUL BAJO ASIENTO;GUARNECIDO
BIELETA ESTABILIZADORA DELANTERA DERECHA;BRAZO SUSPENSION
BIELETA ESTABILIZADORA DELANTERA IZQUIERDA;BRAZO SUSPENSION
BIELETA ESTABILIZADORA TRASERA DERECHA;BRAZO SUSPENSION
BIELETA ESTABILIZADORA TRASERA IZQUIERDA;BRAZO SUSPENSION
BISAGRA CAPO DERECHA;CAPOT
BISAGRA CAPO IZQUIERDA;CAPOT
BISAGRA CAPOT;CAPOT
BISAGRA DERECHA PORTON;PORTON
BISAGRA DERECHA TAPA MALETA;TAPA
BISAGRA IZQUIERDA PORTON;PORTON
BISAGRA IZQUIERDA TAPA MALETA;TAPA
BISAGRA PUERTA;PUERTA
BISAGRA PUERTA DELANTERA DERECHA;PUERTA
BISAGRA PUERTA DELANTERA IZQUIERDA;PUERTA
BISAGRA PUERTA TRASERA DERECHA;PUERTA
BISAGRA PUERTA TRASERA IZQUIERDA;PUERTA
BLOQUE;BLOQUE MOTOR
BOBINA ENCENDIDO;BOBINA
BOMBA ACEITE;DESPIECE MOTOR
BOMBA AGUA;DESPIECE MOTOR
BOMBA ALTA;BOMBA COMBUSTIBLE
BOMBA CALEFACCION;VENTILADOR CALEFACCION
BOMBA COMBUSTIBLE;BOMBA COMBUSTIBLE
BOMBA DIRECCION;BOMBA DIRECCION
BOMBA EMBRAGUE;DESPIECE MOTOR
BOMBA FRENO;BOMBA FRENO
BOMBA FRENO DELANTERA;BOMBA FRENO
BOMBA FRENO TRASERA;BOMBA FRENO
BOMBA INYECCION;BOMBA DE INYECCION
BOMBA LIMPIA;MOTOR LIMPIA DEL
BOMBA SERVODIRECCION;BOMBA DIRECCION
BOMBA SUSPENSION;BRAZO SUSPENSION
BOMBILLAS;PORTALAMPARAS
BOMBIN EMBRAGUE;DESPIECE MOTOR
BOMBIN PORTON TRASERO;CERRADURAS
BOMBIN PUERTA DELANTERA DERECHA;CERRADURAS
BOMBIN PUERTA DELANTERA IZQUIERDA;CERRADURAS
BOTE EXPANSOR;DEPOSITO EXPANSION
BOTONERA;MANDO ELEVALUNAS
BRAZO LIMPIA DELANTERO DERECHO;MOTOR LIMPIA DEL
BRAZO LIMPIA DELANTERO IZQUIERDO;MOTOR LIMPIA DEL
BRAZO LIMPIA TRASERO;MOTOR LIMPIA TRAS
BRAZO SUSPENSION DELANTERO DERECHO;BRAZO SUSPENSION
BRAZO SUSPENSION DELANTERO IZQUIERDO;BRAZO SUSPENSION
BRAZO SUSPENSION INFERIOR DELANTERO DERECHO;BRAZO SUSPENSION
BRAZO SUSPENSION INFERIOR DELANTERO IZQUIERDO;BRAZO SUSPENSION
BRAZO SUSPENSION INFERIOR TRASERO DERECHO;BRAZO SUSPENSION
BRAZO SUSPENSION INFERIOR TRASERO IZQUIERDO;BRAZO SUSPENSION
BRAZO SUSPENSION SUPERIOR DELANTERO DERECHO;BRAZO SUSPENSION
BRAZO SUSPENSION SUPERIOR DELANTERO IZQUIERDO;BRAZO SUSPENSION
BRAZO SUSPENSION SUPERIOR TRASERO DERECHO;BRAZO SUSPENSION
BRAZO SUSPENSION SUPERIOR TRASERO IZQUIERDO;BRAZO SUSPENSION
BRAZO SUSPENSION TRASERO DERECHO;BRAZO SUSPENSION
BRAZO SUSPENSION TRASERO IZQUIERDO;BRAZO SUSPENSION
BUJE;BRAZO SUSPENSION
BUJE DELANTERO IZQUIERDO;BRAZO SUSPENSION
CABALLETE CENTRAL;OTROS
CABALLETE LATERAL;OTROS
CABLE;CABLEADO
CABLEADO ELECTRICO;CABLEADO
CADENA;DESPIECE MOTOR
CADENAS;DESPIECE MOTOR
CAJA CAMBIOS;CAJA CAMBIOS
CAJA DIRECCION;CAJA DIRECCION
CAJA FILTRO AIRE;DESPIECE MOTOR
CAJA MARIPOSA;CAJA MARIPOSA
CAJA PRECALENTAMIENTO;DESPIECE MOTOR
CAJA RELES / FUSIBLES;MODULO/CAJA RELES
CAJA TRANSFER;REDUCTORA
CAJA TRASERA;CAJA CAMBIOS
CALANDRA DELANTERA DE RADIADOR;REJILLAS
CALEFACCION ENTERA NORMAL;VENTILADOR CALEFACCION
CALENTADORES;DESPIECE MOTOR
CAMARA VISION FRONTAL;SISTEMA NAVEGACION
CAMARA VISION TRASERA;SISTEMA NAVEGACION
CAMPANA EMBRAGUE;DESPIECE MOTOR
CANALIZADOR DE AIRE;INTERCOOLER
CAPO;CAPOT
CAPOTA;TECHO ELECTRICO
CAPTADOR ABS;ABS
CAPTADOR VOLANTE MOTOR;DESPIECE MOTOR
CARBURADOR;DESPIECE MOTOR
CARCASA RETROVISOR DERECHO;RETROVISORES
CARCASA RETROVISOR IZQUIERDO;RETROVISORES
CARDAN;TRANSMISION DEL/TRAS
CARDAN DELANTERO;TRANSMISION DEL/TRAS
CARDAN TRASERO;TRANSMISION DEL/TRAS
CARENADO;PASO RUEDA
CARENADO DELANTERO DERECHO;PASO RUEDA
CARENADO DELANTERO IZQUIERDO;PASO RUEDA
CARGADOR MOVIL;OTROS
CARTER;CARTER
CARTER DERECHO;CARTER
CARTER IZQUIERDO;CARTER
CATALIZADOR;CATALIZADOR
CAUDALIMETRO;CAUDALIMETRO
CENICERO;GUARNECIDO
CENTRALITA ABS;MODULO/CAJA RELES
CENTRALITA AIRBAG;MODULO/CAJA RELES
CENTRALITA AIRE ACONDICIONADO;MODULO/CAJA RELES
CENTRALITA ALARMA;MODULO/CAJA RELES
CENTRALITA ASD;MODULO/CAJA RELES
CENTRALITA ASIENTOS;MODULO/CAJA RELES
CENTRALITA ASR;MODULO/CAJA RELES
CENTRALITA BLUETOOTH;MODULO/CAJA RELES
CENTRALITA CALEFACCION;MODULO/CAJA RELES
CENTRALITA CAMBIO AUTOMATICO;MODULO/CAJA RELES
CENTRALITA CHECK CONTROL;MODULO/CAJA RELES
CENTRALITA CIERRE;MODULO/CAJA RELES
CENTRALITA CONFORT;MODULO/CAJA RELES
CENTRALITA CONTROL BATERIA;MODULO/CAJA RELES
CENTRALITA DIRECCION;MODULO/CAJA RELES
CENTRALITA ENCENDIDO;MODULO/CAJA RELES
CENTRALITA FAROS XENON;MODULO/CAJA RELES
CENTRALITA FRENO DE MANO;MODULO/CAJA RELES
CENTRALITA INMOVILIZADOR;MODULO/CAJA RELES
CENTRALITA INYECCION;CENTRALITA A MOTOR
CENTRALITA LUCES;MANDO INTERMITENTES
CENTRALITA MOTOR UCE;CENTRALITA A MOTOR
CENTRALITA START / STOP;CONMUTADOR DE ARRANQUE
CENTRALITA SUSPENSION;BRAZO SUSPENSION
CERRADURA ASIENTO;CERRADURAS
CERRADURA CAPO;CERRADURAS
CERRADURA MALETERO / PORTON;CERRADURAS
CERRADURA PUERTA DELANTERA DERECHA;CERRADURAS
CERRADURA PUERTA DELANTERA IZQUIERDA;CERRADURAS
CERRADURA PUERTA LATERAL DERECHA;CERRADURAS
CERRADURA PUERTA LATERAL IZQUIERDA;CERRADURAS
CERRADURA PUERTA TRASERA DERECHA;CERRADURAS
CERRADURA PUERTA TRASERA IZQUIERDA;CERRADURAS
CINTURON SEGURIDAD DELANTERO DERECHO;PRETENSORES Y CINTURONES
CINTURON SEGURIDAD DELANTERO IZQUIERDO;PRETENSORES Y CINTURONES
CINTURON SEGURIDAD TRASERO CENTRAL;PRETENSORES Y CINTURONES
CINTURON SEGURIDAD TRASERO DERECHO;PRETENSORES Y CINTURONES
CINTURON SEGURIDAD TRASERO IZQUIERDO;PRETENSORES Y CINTURONES
CLAXON;OTROS
COLECTOR ADMISION;DESPIECE MOTOR
COLECTOR ESCAPE;DESPIECE MOTOR
COLIN TRASERO;PORTON
COLUMNA DIRECCION;COLUMNA DIRECCION
COMPRESOR AIRE ACONDICIONADO;COMPRESOR
CONDENSADOR / RADIADOR AIRE ACONDICIONADO;CONDENSADOR
CONDENSADOR AIRE ACONDICIONADO;CONDENSADOR
CONMUTADOR DE ARRANQUE;CONMUTADOR DE ARRANQUE
CONSOLA CENTRAL;SALPICADERO
CONTRA ESCUDO;PASO RUEDA
CORREA ACCESORIOS;DESPIECE MOTOR
CORTE CARROCERIA LATERAL DERECHA;OTROS
CORTE CARROCERIA LATERAL IZQUIERDA;OTROS
CREMALLERA DIRECCION;CREMALLERA
CRISTAL RETROVISOR DERECHO;RETROVISORES
CRISTAL RETROVISOR IZQUIERDO;RETROVISORES
CUADRO INSTRUMENTOS;CUADRO INSTRUMENTOS
CUBRECADENA;DESPIECE MOTOR
CUBRECARTER;CARTER
CUERPO DE INYECCION;INYECTORES
CULATA;CULATA
CULATIN;CULATA
CUPULA;TECHO ELECTRICO
DEFENSA DELANTERA;PARAGOLPES DEL
DEFLECTOR CENTRAL PARAGOLPES DELANTERO;PUNTERAS PARAGOLPES
DELCO;DESPIECE MOTOR
DEPOSITO ADBLUE;DEPOSITO EXPANSION
DEPOSITO ADITIVO FAP;DEPOSITO EXPANSION
DEPOSITO COMBUSTIBLE;BOMBA COMBUSTIBLE
DEPOSITO EXPANSION;DEPOSITO EXPANSION
DEPOSITO FRENO TRASERO;BOMBA FRENO
DEPOSITO GASOLINA;BOMBA COMBUSTIBLE
DEPOSITO LIMPIA;MOTOR LIMPIA DEL
DEPOSITO LIQUIDO DE FRENOS;BOMBA FRENO
DEPOSITO SERVO;SERVOFRENO
DEPOSITO SUSPENSION;BRAZO SUSPENSION
DEPRESOR FRENO / BOMBA VACIO;DEPRESOR DE FRENO
DESPIECE CAJA CAMBIOS;CAJA CAMBIOS
DESPIECE MOTOR;DESPIECE MOTOR
DIFERENCIAL CENTRAL;DIFERENCIAL DEL./TRAS.
DIFERENCIAL DELANTERO;DIFERENCIAL DEL./TRAS.
DIFERENCIAL TRASERO;DIFERENCIAL DEL./TRAS.
DISCO DE FRENO DELANTERO DERECHO;PINZAS
DISCO DE FRENO DELANTERO IZQUIERDO;PINZAS
DISCO DE FRENO TRASERO;PINZAS
DISCO DE FRENO TRASERO DERECHO;PINZAS
DISCO FRENO DELANTERO;PINZAS
DISCO FRENO DELANTERO DERECHO;PINZAS
DISCO FRENO TRASERO;PINZAS
EJE TRASERO;PUENTE
ELECTROVALVULA;VALVULA EGR
ELECTROVENTILADOR;ELECTRO
ELECTROVENTILADOR RADIADOR AIRE ACONDICIONADO;ELECTRO
ELEVALUNAS DELANTERO DERECHO;ELEVALUNAS
ELEVALUNAS DELANTERO IZQUIERDO;ELEVALUNAS
ELEVALUNAS TRASERO DERECHO;ELEVALUNAS
ELEVALUNAS TRASERO IZQUIERDO;ELEVALUNAS
EMBELLECEDOR;MOLDURA
EMBELLECEDOR EXTERIOR CENTRAL PORTON;MOLDURA
EMBELLECEDOR SALPICADERO;SALPICADERO
EMBLEMA;OTROS
ENFRIADOR ACEITE DIRECCION;ENFRIADOR
ENFRIADOR ACEITE MOTOR;ENFRIADOR
ENFRIADOR EGR;ENFRIADOR
ENGANCHE CINTURON CENTRAL;PRETENSORES Y CINTURONES
ENGANCHE CINTURON DELANTERO DERECHO;PRETENSORES Y CINTURONES
ENGANCHE CINTURON TRASERO CENTRAL;PRETENSORES Y CINTURONES
ENGANCHE CINTURON TRASERO DERECHO;PRETENSORES Y CINTURONES
ENGANCHE CINTURON TRASERO IZQUIERDO;PRETENSORES Y CINTURONES
ENGANCHE REMOLQUE;OTROS
ESCOBILLA LIMPIA;MOTOR LIMPIA DEL
ESPEJO;ESPEJO INTERIOR
ESPEJO RETROVISOR DERECHO;RETROVISORES
ESPEJO RETROVISOR INTERIOR;ESPEJO INTERIOR
ESTRIBERA DERECHA;ESTRIBO
ESTRIBERA IZQUIERDA;ESTRIBO
ESTRIBO LATERAL;ESTRIBO
ESTRIBOS LATERALES;ESTRIBO
EVAPORADOR AIRE ACONDICIONADO;CONDENSADOR
FALDON DELANTERO;PARAGOLPES DEL
FALDON LATERAL;PASO RUEDA
FALDON TRASERO;PARAGOLPES TRAS
FARO ANTINIEBLA DERECHO;ANTINIEBLAS
FARO ANTINIEBLA IZQUIERDO;ANTINIEBLAS
FARO ANTINIEBLA TRASERO DERECHO;ANTINIEBLAS
FARO ANTINIEBLA TRASERO IZQUIERDO;ANTINIEBLAS
FARO DELANTERO;FAROS
FARO DERECHO;FAROS
FARO IZQUIERDO;FAROS
FILTRO ACEITE;DESPIECE MOTOR
FILTRO AIRE;DESPIECE MOTOR
FILTRO CARBONO ACTIVO;DESPIECE MOTOR
FILTRO DE PARTICULAS;FILTRO DE PARTICULAS
FILTRO GASOIL;DESPIECE MOTOR
FILTRO GASOLINA;DESPIECE MOTOR
FILTRO SECANTE AIRE ACONDICIONADO;CONDENSADOR
FLECTOR CARDAN;TRANSMISION DEL/TRAS
FRENO DE MANO ELECTRICO;PALANCA FRENO MANO
FUELLE;TRANSMISION DEL/TRAS
GATO;GATO/CONJUNTO HERRAMIENTAS
GOMAS CONTORNO PUERTA;CONTORNO
GUANTERA;GUANTERA
GUARDABARROS;PASO RUEDA
GUARDABARROS DELANTERO;PASO RUEDA
GUARDABARROS TRASERO;PASO RUEDA
GUARNECIDO PORTON TRASERO;GUARNECIDO
GUARNECIDO PUERTA DELANTERA DERECHA;GUARNECIDO
GUARNECIDO PUERTA DELANTERA IZQUIERDA;GUARNECIDO
GUARNECIDO PUERTA TRASERA DERECHA;GUARNECIDO
GUARNECIDO PUERTA TRASERA IZQUIERDA;GUARNECIDO
GUARNECIDOS MALETERO;GUARNECIDO
GUARNECIDOS PALANCA CAMBIO;PALANCA CAMBIO
HERRAMIENTAS;GATO/CONJUNTO HERRAMIENTAS
HORQUILLA;BRAZO SUSPENSION
HORQUILLA COMPLETA;BRAZO SUSPENSION
INTERCOOLER;INTERCOOLER
INTERRUPTOR;MANDO ELEVALUNAS
INTERRUPTOR DE MEMORIA ASIENTO;MANDO ELEVALUNAS
INVERSOR;MODULO/CAJA RELES
INVERTER / CONVERTER;MODULO/CAJA RELES
INYECTOR;INYECTORES
JUEGO ALFOMBRILLAS;ALFOMBRILLAS
JUEGO AMORTIGUADORES DELANTERO;BRAZO SUSPENSION
JUEGO AMORTIGUADORES TRASERO;BRAZO SUSPENSION
JUEGO ASIDEROS TECHO;GUARNECIDO
JUEGO ASIENTOS COMPLETO;JUEGO ASIENTOS
JUEGO BOMBINES;CERRADURAS
JUEGO CINTURONES DELANTERO;PRETENSORES Y CINTURONES
JUEGO CINTURONES TRASERO;PRETENSORES Y CINTURONES
JUEGO DE FRENOS TRASEROS;PINZAS
JUEGO DISCOS DE FRENO;PINZAS
JUEGO LLANTAS;JUEGO LLANTAS O LLANTAS
JUEGO TAPIZADOS / CARTONERAS;GUARNECIDO
JUEGO TORNILLOS DE RUEDA;JUEGO LLANTAS O LLANTAS
JUNTA HOMOCINETICA;TRANSMISION DEL/TRAS
KIT AIRBAG;KIT AIRBAG CON SALPICADERO
KIT ARRANQUE COMPLETO;CONMUTADOR DE ARRANQUE
KIT DISTRIBUCION;DESPIECE MOTOR
KIT EMBRAGUE;DESPIECE MOTOR
LEVAS CAMBIO VOLANTE;VOLANTE
LIMPIA FAROS XENON;FAROS
LLANTA;JUEGO LLANTAS O LLANTAS
LLANTA DELANTERA;JUEGO LLANTAS O LLANTAS
LLANTA TRASERA;JUEGO LLANTAS O LLANTAS
LUNA CUSTODIA DELANTERA DERECHA;OTROS
LUNA CUSTODIA DELANTERA IZQUIERDA;OTROS
LUNA CUSTODIA TRASERA DERECHA;OTROS
LUNA CUSTODIA TRASERA IZQUIERDA;OTROS
LUNA DELANTERA DERECHA;OTROS
LUNA DELANTERA IZQUIERDA;OTROS
LUNA PUERTA LATERAL IZQUIERDO;OTROS
LUNA TRASERA;OTROS
LUNA TRASERA DERECHA;OTROS
LUNA TRASERA IZQUIERDA;OTROS
LUZ CENTRAL DE FRENO;LUZ CENTRAL FRENO
LUZ INTERIOR;LUZ INTERIOR
LUZ INTERIOR DELANTERA CENTRAL;LUZ INTERIOR
MANDO ASIENTO CALEFACTABLE;MANDO ELEVALUNAS
MANDO ASIENTO DELANTERO DERECHO;MANDO ELEVALUNAS
MANDO ASIENTO DELANTERO IZQUIERDO;MANDO ELEVALUNAS
MANDO BLOQUEO PUERTAS;MANDO ELEVALUNAS
MANDO CALEFACCION / AIRE ACONDICIONADO;MANDO CALEFACCION
MANDO CLIMATIZADOR;MANDO CLIMA
MANDO CONTROL CRUCERO;MULTIFUNCION
MANDO CONTROL RADIO;SISTEMA AUDIO
MANDO ELEVALUNAS DELANTERO DERECHO;MANDO ELEVALUNAS
MANDO ELEVALUNAS DELANTERO IZQUIERDO;MANDO ELEVALUNAS
MANDO ELEVALUNAS TRASERO DERECHO;MANDO ELEVALUNAS
MANDO ELEVALUNAS TRASERO IZQUIERDO;MANDO ELEVALUNAS
MANDO INTERMITENTES;MANDO INTERMITENTES
MANDO LIMPIA;MANDO LIMPIA
MANDO LUCES;MANDO INTERMITENTES
MANDO MULTIFUNCION;MULTIFUNCION
MANDO REGULACION ASIENTO;MANDO ELEVALUNAS
MANDO REGULACION FAROS;FAROS
MANDO RETROVISOR;MANDO ELEVALUNAS
MANDO VOLANTE;MULTIFUNCION
MANDO VOLUMEN;SISTEMA AUDIO
MANETA DERECHA;MANETA EXTERIOR
MANETA ELEVALUNAS DELANTERA DERECHA;ELEVALUNAS
MANETA ELEVALUNAS DELANTERA IZQUIERDA;ELEVALUNAS
MANETA ELEVALUNAS TRASERA DERECHA;ELEVALUNAS
MANETA ELEVALUNAS TRASERA IZQUIERDA;ELEVALUNAS
MANETA EMBRAGUE;DESPIECE MOTOR
MANETA EXTERIOR DELANTERA DERECHA;MANETA EXTERIOR
MANETA EXTERIOR DELANTERA IZQUIERDA;MANETA EXTERIOR
MANETA EXTERIOR LATERAL DERECHA;MANETA EXTERIOR
MANETA EXTERIOR LATERAL IZQUIERDA;MANETA EXTERIOR
MANETA EXTERIOR MALETERO / PORTON;MANETA EXTERIOR
MANETA EXTERIOR PORTON;MANETA EXTERIOR
MANETA EXTERIOR TRASERA DERECHA;MANETA EXTERIOR
MANETA EXTERIOR TRASERA IZQUIERDA;MANETA EXTERIOR
MANETA INTERIOR DELANTERA DERECHA;MANETA INTERIOR
MANETA INTERIOR DELANTERA IZQUIERDA;MANETA INTERIOR
MANETA INTERIOR LATERAL DERECHA;MANETA INTERIOR
MANETA INTERIOR LATERAL IZQUIERDA;MANETA INTERIOR
MANETA INTERIOR TRASERA DERECHA;MANETA INTERIOR
MANETA INTERIOR TRASERA IZQUIERDA;MANETA INTERIOR
MANETA IZQUIERDA;MANETA EXTERIOR
MANETA PORTON;MANETA EXTERIOR
MANGUETA DELANTERA DERECHA;MANGUETA DELANTERA
MANGUETA DELANTERA IZQUIERDA;MANGUETA DELANTERA
MANGUETA TRASERA DERECHA;MANGUETA TRASERA
MANGUETA TRASERA IZQUIERDA;MANGUETA TRASERA
MANILLAR;VOLANTE
MANTENIMIENTO DEL VEHICULO;OTROS
MODULO BLUETOOTH;SISTEMA AUDIO
MODULO CAMBIO AUTOMATICO;CAJA CAMBIOS
MODULO CONFORT;MODULO/CAJA RELES
MODULO ECU;CENTRALITA A MOTOR
MODULO ELECTRONICO;MODULO/CAJA RELES
MODULO ENCENDIDO;CENTRALITA A MOTOR
MOLDURA;MOLDURA
MOLDURA ANTINIEBLA DERECHA;MOLDURA
MOLDURA ANTINIEBLA IZQUIERDA;MOLDURA
MOLDURA BAJO FARO DERECHO;MOLDURA
MOLDURA BAJO FARO IZQUIERDO;MOLDURA
MOLDURA CENTRAL CALEFACCION;MOLDURA
MOLDURA PARAGOLPE DELANTERA;MOLDURA
MOLDURA PARAGOLPE DELANTERA DERECHA;MOLDURA
MOLDURA PARAGOLPE DELANTERA IZQUIERDA;MOLDURA
MOLDURA PARAGOLPE TRASERA;MOLDURA
MOLDURA PUERTA DELANTERA DERECHA;MOLDURA
MOLDURA PUERTA DELANTERA IZQUIERDA;MOLDURA
MOLDURA PUERTA TRASERA DERECHA;MOLDURA
MOLDURA PUERTA TRASERA IZQUIERDA;MOLDURA
MOLDURAS DELANTERAS;MOLDURA
MOLDURAS TRASERAS;MOLDURA
MORRO COMPLETO;PARAGOLPES DEL
MOTOR APERTURA;ELEVALUNAS
MOTOR APERTURA TRAMPILLA;ELEVALUNAS
MOTOR APERTURA TRAMPILLAS CLIMATIZADOR;VENTILADOR CALEFACCION
MOTOR APERTURA Y CIERRE PORTON;ELEVALUNAS
MOTOR ARRANQUE;MOTOR ARRANQUE
MOTOR CALEFACCION;VENTILADOR CALEFACCION
MOTOR CIERRE CENTRALIZADO DELANTERO DERECHO;CERRADURAS
MOTOR CIERRE CENTRALIZADO DELANTERO IZQUIERDO;CERRADURAS
MOTOR CIERRE CENTRALIZADO MALETERO / PORTON;CERRADURAS
MOTOR CIERRE CENTRALIZADO PORTON;CERRADURAS
MOTOR CIERRE CENTRALIZADO TRASERO DERECHO;CERRADURAS
MOTOR CIERRE CENTRALIZADO TRASERO IZQUIERDO;CERRADURAS
MOTOR COMPLETO;MOTOR COMPLETO
MOTOR ELECTRICO ACTUADOR;ELEVALUNAS
MOTOR ELEVALUNAS DELANTERO DERECHO;ELEVALUNAS
MOTOR ELEVALUNAS DELANTERO IZQUIERDO;ELEVALUNAS
MOTOR ELEVALUNAS TRASERO DERECHO;ELEVALUNAS
MOTOR ELEVALUNAS TRASERO IZQUIERDO;ELEVALUNAS
MOTOR LIMPIA DELANTERO;MOTOR LIMPIA DEL
MOTOR LIMPIA TRASERO;MOTOR LIMPIA TRAS
MOTOR REGULACION FAROS;FAROS
MOTOR TECHO ELECTRICO;TECHO ELECTRICO
MOTOR TRAMPILLA CALEFACCION;VENTILADOR CALEFACCION
MUELLE AMORTIGUACION;BRAZO SUSPENSION
MÓDULO DE CONTROL DE CARROCERÍA (BCM);MODULO/CAJA RELES
NEUMATICO;NEUMATICOS/NEUMATICO REPUESTO
NEUMATICO REPUESTO;NEUMATICOS/NEUMATICO REPUESTO
PALANCA CAMBIO;PALANCA CAMBIO
PALANCA FRENO;PALANCA FRENO MANO
PALANCA FRENO DE MANO;PALANCA FRENO MANO
PANEL FRONTAL;REFUERZOS DELANTEROS
PANEL TRASERO;REFUERZOS TRASEROS
PANTALLA MULTIFUNCION;CUADRO INSTRUMENTOS
PARABRISAS;OTROS
PARAGOLPES DELANTERO;PARAGOLPES DEL
PARAGOLPES TRASERO;PARAGOLPES TRAS
PARASOL DERECHO;PARASOL
PARASOL IZQUIERDO;PARASOL
PASO DE RUEDA DELANTERO DERECHO;PASO RUEDA
PASO DE RUEDA DELANTERO IZQUIERDO;PASO RUEDA
PASO DE RUEDA TRASERO DERECHO;PASO RUEDA
PASO DE RUEDA TRASERO IZQUIERDO;PASO RUEDA
PASO RUEDA;PASO RUEDA
PASO RUEDA DELANTERO DERECHO;PASO RUEDA
PASO RUEDA DELANTERO IZQUIERDO;PASO RUEDA
PASO RUEDA TRASERO DERECHO;PASO RUEDA
PASO RUEDA TRASERO IZQUIERDO;PASO RUEDA
PASTILLAS DE FRENO;PINZAS
PEDAL ACELERADOR;VOLANTE
PEDAL EMBRAGUE;VOLANTE
PEDAL FRENO;BOMBA FRENO
PILOTO DELANTERO DERECHO;PILOTOS DELANTEROS
PILOTO DELANTERO IZQUIERDO;PILOTOS DELANTEROS
PILOTO LATERAL DELANTERO DERECHO;PILOTOS DELANTEROS
PILOTO LATERAL DELANTERO IZQUIERDO;PILOTOS DELANTEROS
PILOTO LATERAL DERECHO;PILOTOS DELANTEROS
PILOTO LATERAL IZQUIERDO;PILOTOS DELANTEROS
PILOTO MARCHA ATRAS;PILOTOS TRASEROS
PILOTO MATRICULA;PORTALAMPARAS
PILOTO RETROVISOR DERECHO;RETROVISORES
PILOTO RETROVISOR IZQUIERDO;RETROVISORES
PILOTO TRASERO;PILOTOS TRASEROS
PILOTO TRASERO CENTRAL;PILOTOS TRASEROS
PILOTO TRASERO DERECHO;PILOTOS TRASEROS
PILOTO TRASERO DERECHO INTERIOR;PILOTOS TRASEROS
PILOTO TRASERO DERECHO PARAGOLPES;PILOTOS TRASEROS
PILOTO TRASERO IZQUIERDO;PILOTOS TRASEROS
PILOTO TRASERO IZQUIERDO INTERIOR;PILOTOS TRASEROS
PILOTO TRASERO IZQUIERDO PARAGOLPES;PILOTOS TRASEROS
PINZA DE FRENO DELANTERA DERECHA;PINZAS
PINZA DE FRENO DELANTERA IZQUIERDA;PINZAS
PINZA DE FRENO TRASERA;PINZAS
PINZA DE FRENO TRASERA DERECHA;PINZAS
PINZA DE FRENO TRASERA IZQUIERDA;PINZAS
PINZA FRENO DELANTERA DERECHA;PINZAS
PINZA FRENO DELANTERA IZQUIERDA;PINZAS
PINZA FRENO TRASERA DERECHA;PINZAS
PINZA FRENO TRASERA IZQUIERDA;PINZAS
PIÑA LUCES DERECHA;MANDO INTERMITENTES
PIÑA LUCES IZQUIERDA;MANDO INTERMITENTES
PIÑON;DESPIECE MOTOR
POLEA ALTERNADOR;ALTERNADOR
POLEA CIGUEÑAL;DESPIECE MOTOR
POMO PALANCA CAMBIO;POMO C.C.
PORTAEQUIPAJES;TECHO/PORTAEQUIPAJES
PORTALAMPARAS;PORTALAMPARAS
PORTAMALETAS;TECHO/PORTAEQUIPAJES
PORTAMALETAS DERECHO;TECHO/PORTAEQUIPAJES
PORTAMALETAS IZQUIERDO;TECHO/PORTAEQUIPAJES
PORTAMATRICULAS;PORTON
PORTON TRASERO;PORTON
PORTON TRASERO DERECHO;PORTON
PORTON TRASERO IZQUIERDO;PORTON
POSAPIES DELANTERO DERECHO;ESTRIBO
POSAPIES DELANTERO IZQUIERDO;ESTRIBO
POTENCIOMETRO PEDAL;VOLANTE
PRETENSOR AIRBAG DERECHO;PRETENSORES Y CINTURONES
PRETENSOR AIRBAG IZQUIERDO;PRETENSORES Y CINTURONES
PUENTE DELANTERO;PUENTE
PUENTE TRASERO;PUENTE
PUERTA DELANTERA DERECHA;PUERTA
PUERTA DELANTERA IZQUIERDA;PUERTA
PUERTA LATERAL CORREDERA DERECHA;PUERTA
PUERTA LATERAL CORREDERA IZQUIERDA;PUERTA
PUERTA TRASERA DERECHA;PUERTA
PUERTA TRASERA IZQUIERDA;PUERTA
PUNTA CHASIS DELANTERA;REFUERZOS DELANTEROS
PUNTA TRANSMISION;TRANSMISION DEL/TRAS
PUNTERA DELANTERA DERECHA DE PARAGOLPES;PUNTERAS PARAGOLPES
PUNTERA DELANTERA IZQUIERDA DE PARAGOLPES;PUNTERAS PARAGOLPES
PUNTERA PARAGOLPES TRASERA DERECHA;PUNTERAS PARAGOLPES
PUNTERA PARAGOLPES TRASERA IZQUIERDA;PUNTERAS PARAGOLPES
PUÑO ACELERADOR;VOLANTE
QUILLA DERECHA;PASO RUEDA
RADIADOR ACEITE;RADIADOR AGUA
RADIADOR AGUA;RADIADOR AGUA
RADIADOR CAJA CAMBIOS;CAJA CAMBIOS
RADIADOR CALEFACCION / AIRE ACONDICIONADO;CONDENSADOR
RADIADOR GASOIL;RADIADOR AGUA
RAMPA INYECTORA;INYECTORES
REFLECTOR PARAGOLPE TRASERO DERECHO;ANTINIEBLAS
REFLECTOR PARAGOLPE TRASERO IZQUIERDO;ANTINIEBLAS
REFUERZO PARAGOLPES DELANTERO;REFUERZOS DELANTEROS
REFUERZO PARAGOLPES TRASERO;REFUERZOS TRASEROS
REGULADOR DE CORRIENTE;ALTERNADOR
REJILLA AIREADORA;AIREADOR
REJILLA DELANTERA;REJILLAS
REJILLA PARAGOLPES CENTRAL;REJILLAS
REJILLA PARAGOLPES DELANTERO;REJILLAS
REJILLA PARAGOLPES DERECHA;REJILLAS
REJILLA PARAGOLPES IZQUIERDA;REJILLAS
RELE;MODULO/CAJA RELES
RELE ARRANQUE;MOTOR ARRANQUE
RELE ELECTROVENTILADORES;ELECTRO
RELE INYECCION;MODULO/CAJA RELES
RELOJ;CUADRO INSTRUMENTOS
REPARTIDOR DE FRENO;BOMBA FRENO
REPOSACABEZAS;ASIENTO SUELTO
RESBALON CERRADURA PUERTA TRASERA DERECHA;CERRADURAS
RESISTENCIA CALEFACCION;VENTILADOR CALEFACCION
RETENEDOR PUERTA;PUERTA
RETROVISOR DERECHO;RETROVISORES
RETROVISOR INTERIOR;ESPEJO INTERIOR
RETROVISOR IZQUIERDO;RETROVISORES
REVESTIMIENTO;GUARNECIDO
ROTULA AXIAL;COLUMNA DIRECCION
ROTULA COLUMNA DIRECCION;COLUMNA DIRECCION
ROTULA DIRECCION;COLUMNA DIRECCION
ROTULA SUSPENSION;BRAZO SUSPENSION
RUEDA;JUEGO LLANTAS O LLANTAS
RUEDA DE REPUESTO;NEUMATICOS/NEUMATICO REPUESTO
SALPICADERO;SALPICADERO
SENSOR;OTROS
SENSOR ABS;ABS
SENSOR ABS DELANTERO DERECHO;ABS
SENSOR ABS DELANTERO IZQUIERDO;ABS
SENSOR ABS TRASERO DERECHO;ABS
SENSOR ABS TRASERO IZQUIERDO;ABS
SENSOR AIRBAG;KIT AIRBAG CON SALPICADERO
SENSOR ANGULO DE GIRO;COLUMNA DIRECCION
SENSOR ANGULO INCLINACION;BRAZO SUSPENSION
SENSOR ANGULO VOLANTE;VOLANTE
SENSOR APARCAMIENTO DELANTERO;OTROS
SENSOR CABALLETE LATERAL;OTROS
SENSOR COLISION / IMPACTO;KIT AIRBAG CON SALPICADERO
SENSOR DE ALTA PRESION;BOMBA DE INYECCION
SENSOR DE APARCAMIENTO;OTROS
SENSOR DE IMPACTO;KIT AIRBAG CON SALPICADERO
SENSOR DE POSICIÓN DEL CIGÜEÑAL (CKP);DESPIECE MOTOR
SENSOR DE POSICIÓN DEL ÁRBOL DE LEVAS (CMP);DESPIECE MOTOR
SENSOR DE PRESIÓN DEL ACEITE;DESPIECE MOTOR
SENSOR LLUVIA / LUZ;OTROS
SENSOR PRESION;TURBO
SERVOFRENO;SERVOFRENO
SILENCIADOR TRASERO;CATALIZADOR
SISTEMA AUDIO / RADIO CD;SISTEMA AUDIO
SISTEMA DVD;SISTEMA NAVEGACION
SISTEMA NAVEGACION GPS;SISTEMA NAVEGACION
SOBRECARTER;CARTER
SONDA LAMBDA;CATALIZADOR
SOPORTE / GUIA PUERTA CORREDERA;PUERTA
SOPORTE ALTERNADOR;ALTERNADOR
SOPORTE AMORTIGUADOR;BRAZO SUSPENSION
SOPORTE BATERIA;OTROS
SOPORTE BRAZO SUSPENSION DELANTERO DERECHO;BRAZO SUSPENSION
SOPORTE BRAZO SUSPENSION DELANTERO IZQUIERDO;BRAZO SUSPENSION
SOPORTE BRAZO SUSPENSION TRASERO DERECHO;BRAZO SUSPENSION
SOPORTE BRAZO SUSPENSION TRASERO IZQUIERDO;BRAZO SUSPENSION
SOPORTE CAMBIO;PALANCA CAMBIO
SOPORTE CAMBIO TRASERO;PALANCA CAMBIO
SOPORTE CONJUNTO DELANTER;REFUERZOS DELANTEROS
SOPORTE FARO DERECHO;FAROS
SOPORTE FARO IZQUIERDO;FAROS
SOPORTE FILTRO ACEITE;DESPIECE MOTOR
SOPORTE FILTRO GASOIL;DESPIECE MOTOR
SOPORTE MANETA EXTERIOR DELANTERA IZQUIERDA;MANETA EXTERIOR
SOPORTE MOTOR;DESPIECE MOTOR
SOPORTE MOTOR DELANTERO;DESPIECE MOTOR
SOPORTE MOTOR DERECHO;DESPIECE MOTOR
SOPORTE MOTOR IZQUIERDO;DESPIECE MOTOR
SOPORTE MOTOR TRASERO;DESPIECE MOTOR
SOPORTE PARAGOLPES DELANTERO;PARAGOLPES DEL
SOPORTE PARAGOLPES DELANTERO DERECHO;PARAGOLPES DEL
SOPORTE PARAGOLPES DELANTERO IZQUIERDO;PARAGOLPES DEL
SOPORTE PARAGOLPES TRASERO;PARAGOLPES TRAS
SOPORTE PARAGOLPES TRASERO DERECHO;PARAGOLPES TRAS
SOPORTE PARAGOLPES TRASERO IZQUIERDO;PARAGOLPES TRAS
SOPORTE PINZA;PINZAS
SOPORTE POSAPIES;ESTRIBO
SOPORTE RADIADOR;RADIADOR AGUA
SOPORTE RUEDA REPUESTO;NEUMATICOS/NEUMATICO REPUESTO
SPOILER PARAGOLPES DELANTERO;SPOILER
SPOILER PARAGOLPES TRASERO;SPOILER
SUBCHASIS DELANTERO;PUENTE
SUBCHASIS TRASERO;PUENTE
SUBWOOFER;SISTEMA AUDIO
SUPLEMENTO CHASIS;PUENTE
TAPA BALANCINES;DESPIECE MOTOR
TAPA DISTRIBUCION;DESPIECE MOTOR
TAPA EMBRAGUE;DESPIECE MOTOR
TAPA EXTERIOR COMBUSTIBLE;TAPA COMBUSTIBLE
TAPA MALETERO;TAPA
TAPA MOTOR;DESPIECE MOTOR
TAPA PARAGOLPES TRASERO;PUNTERAS PARAGOLPES
TAPACUBOS;JUEGO LLANTAS O LLANTAS
TAPIZADO MALETERO SUELO;GUARNECIDO
TAPON COMBUSTIBLE;TAPA COMBUSTIBLE
TAPON DE ACEITE;DESPIECE MOTOR
TECHO;TECHO ELECTRICO
TECHO ELECTRICO;TECHO ELECTRICO
TECHO INTERIOR;TECHO INTERIOR
TENSOR CORREA AUXILIAR;DESPIECE MOTOR
TERMOSTATO;DESPIECE MOTOR
TIJA;COLUMNA DIRECCION
TIRANTE DELANTERO DERECHO;BRAZO SUSPENSION
TIRANTE DELANTERO IZQUIERDO;BRAZO SUSPENSION
TIRANTE TRASERO DERECHO;BRAZO SUSPENSION
TIRANTE TRASERO IZQUIERDO;BRAZO SUSPENSION
TORPEDO;TORPEDO
TORRETA AMORTIGUADOR;BRAZO SUSPENSION
TRANSMISION;TRANSMISION DEL/TRAS
TRANSMISION CENTRAL;TRANSMISION CENTRAL
TRANSMISION CENTRAL DELANTERA;TRANSMISION DEL/TRAS
TRANSMISION CENTRAL TRASERA;TRANSMISION DEL/TRAS
TRANSMISION DELANTERA DERECHA;TRANSMISION DEL/TRAS
TRANSMISION DELANTERA IZQUIERDA;TRANSMISION DEL/TRAS
TRANSMISION TRASERA DERECHA;TRANSMISION DEL/TRAS
TRANSMISION TRASERA IZQUIERDA;TRANSMISION DEL/TRAS
TRAVESAÑO INFERIOR;TRAVESAÑO SUPERIOR E INFERIOR
TRAVESAÑO SUPERIOR;TRAVESAÑO SUPERIOR E INFERIOR
TRIANGULO EMERGENCIAS;GATO/CONJUNTO HERRAMIENTAS
TUBO;OTROS
TUBO ASPIRACION ADMISION;INTERCOOLER
TUBO ESCAPE CENTRAL;CATALIZADOR
TUBO ESCAPE COMPLETO;CATALIZADOR
TUBO ESCAPE DELANTERO;CATALIZADOR
TUBO ESCAPE TRASERO;CATALIZADOR
TUBO PRESION TURBOCOMPRESOR;TURBO
TUBOS AIRE ACONDICIONADO;CONDENSADOR
TURBOCOMPRESOR;TURBO
UNIDAD DE CONTROL;MODULO/CAJA RELES
VALVULA AIRE ADICIONAL;VALVULA EGR
VALVULA DE VACIO;VALVULA EGR
VALVULA EGR;VALVULA EGR
VALVULA EXPANSION;CONDENSADOR
VALVULA INTERCAMBIO DE CALEFACCION;VENTILADOR CALEFACCION
VALVULA RALENTI;VALVULA EGR
VALVULA SOLENOIDE;VALVULA EGR
VALVULA SUSPENSION;BRAZO SUSPENSION
VARIADOR;CAJA CAMBIOS
VARILLA ACEITE;DESPIECE MOTOR
VARILLAJE CAMBIO;PALANCA CAMBIO
VENTILADOR CALEFACCION;VENTILADOR CALEFACCION
VENTILADOR VISCOSO MOTOR;ELECTRO
VOLANTE;VOLANTE
VOLANTE MOTOR;DESPIECE MOTOR
WARNING;MANDO INTERMITENTES
